complaint_id,timestamp,customer_id,channel,region,branch,product,language,complaint_text,category_label
CMP-00001,2026-05-03T23:07,CUST-2679,Social Media,North,Jaipur MI Road,UPI,English,"Unauthorized transaction detected on my account, please block immediately.",Fraud/Security
CMP-00002,2026-05-03T23:52,CUST-4257,Social Media,West,Lucknow Hazratganj,UPI,Marathi,My UPI payment of Rs 14828 failed but amount got debited. This issue has been repeated multiple times and still unresolved.,UPI/Payments
CMP-00003,2026-05-04T00:37,CUST-4527,Chat,North,Mumbai Main,UPI,English,Loan EMI auto-debit failed despite sufficient balance.,Loan/Credit
CMP-00004,2026-05-04T01:22,CUST-7201,Email,Central,Bengaluru MG Road,Internet Banking,Marathi,Personal loan closure not updated and extra interest charged.,Loan/Credit
CMP-00005,2026-05-04T02:07,CUST-5741,Email,South,Mumbai Main,UPI,Hindi,Credit score impacted due to incorrect overdue on loan account.,Loan/Credit
CMP-00006,2026-05-04T02:52,CUST-5374,Email,Central,Lucknow Hazratganj,Loan,Marathi,Net banking page times out while downloading statement.,Internet Banking
CMP-00007,2026-05-04T03:37,CUST-6313,Email,South,Mumbai Main,Credit Card,Hindi,ATM debited cash but did not dispense money at Jaipur MI Road.,Cards/ATM
CMP-00008,2026-05-04T04:22,CUST-7482,Call Center,South,Bengaluru MG Road,Current,English,Loan EMI auto-debit failed despite sufficient balance.,Loan/Credit
CMP-00009,2026-05-04T05:07,CUST-7543,Chat,South,Lucknow Hazratganj,Loan,Hindi,Suspicious login alert came from unknown location.,Fraud/Security
CMP-00010,2026-05-04T05:52,CUST-7304,Call Center,Central,Pune Camp,Loan,Hindi,My UPI payment of Rs 7685 failed but amount got debited.,UPI/Payments
CMP-00011,2026-05-04T06:37,CUST-6573,Email,East,Pune Camp,Current,Hindi,Address update request pending for 5 days.,Account Services
CMP-00012,2026-05-04T07:22,CUST-2743,Chat,Central,Jaipur MI Road,Current,English,Beneficiary not receiving money even after successful status.,UPI/Payments
CMP-00013,2026-05-04T08:07,CUST-1319,Email,East,Bengaluru MG Road,Current,English,Loan EMI auto-debit failed despite sufficient balance.,Loan/Credit
CMP-00014,2026-05-04T08:52,CUST-9727,Branch,South,Pune Camp,Loan,English,Card blocked without notice and merchant payment failed.,Cards/ATM
CMP-00015,2026-05-04T09:37,CUST-4295,Chat,West,Bengaluru MG Road,UPI,Marathi,Credit score impacted due to incorrect overdue on loan account.,Loan/Credit
CMP-00016,2026-05-04T10:22,CUST-4770,Social Media,South,Mumbai Main,Savings,Marathi,Unable to login to internet banking since yesterday. This issue has been repeated multiple times and still unresolved.,Internet Banking
CMP-00017,2026-05-04T11:07,CUST-4899,Chat,West,Lucknow Hazratganj,Loan,English,"Unauthorized transaction detected on my account, please block immediately. This issue has been repeated multiple times and still unresolved.",Fraud/Security
CMP-00018,2026-05-04T11:52,CUST-4119,Email,North,Pune Camp,Credit Card,Hindi,Suspicious login alert came from unknown location.,Fraud/Security
CMP-00019,2026-05-04T12:37,CUST-6559,Email,South,Lucknow Hazratganj,Current,Marathi,Password reset link keeps failing with server error.,Internet Banking
CMP-00020,2026-05-04T13:22,CUST-2235,Call Center,Central,Mumbai Main,Savings,Marathi,Unable to login to internet banking since yesterday.,Internet Banking
CMP-00021,2026-05-04T14:07,CUST-4502,Call Center,North,Lucknow Hazratganj,UPI,English,Address update request pending for 7 days.,Account Services
CMP-00022,2026-05-04T14:52,CUST-8973,Branch,South,Bengaluru MG Road,Current,English,Password reset link keeps failing with server error.,Internet Banking
CMP-00023,2026-05-04T15:37,CUST-8811,Social Media,Central,Lucknow Hazratganj,Savings,Marathi,Account statement email not received despite request. This issue has been repeated multiple times and still unresolved.,Account Services
CMP-00024,2026-05-04T16:22,CUST-5033,Social Media,Central,Mumbai Main,Loan,English,My UPI payment of Rs 4990 failed but amount got debited.,UPI/Payments
CMP-00025,2026-05-04T17:07,CUST-4346,Chat,South,Bengaluru MG Road,UPI,English,Net banking page times out while downloading statement.,Internet Banking
CMP-00026,2026-05-04T17:52,CUST-2638,Email,Central,Lucknow Hazratganj,Loan,Hindi,Suspicious login alert came from unknown location. This issue has been repeated multiple times and still unresolved.,Fraud/Security
CMP-00027,2026-05-04T18:37,CUST-9900,Chat,Central,Jaipur MI Road,Savings,Marathi,Credit card payment posted twice and statement is incorrect.,Cards/ATM
CMP-00028,2026-05-04T19:22,CUST-2753,Social Media,South,Bengaluru MG Road,Credit Card,Marathi,Cheque book request not processed and no tracking available.,Account Services
CMP-00029,2026-05-04T20:07,CUST-1832,Email,West,Bengaluru MG Road,Savings,English,Card blocked without notice and merchant payment failed.,Cards/ATM
CMP-00030,2026-05-04T20:52,CUST-8007,Social Media,North,Mumbai Main,Savings,Marathi,Loan EMI auto-debit failed despite sufficient balance.,Loan/Credit
CMP-00031,2026-05-04T21:37,CUST-3088,Email,East,Bengaluru MG Road,Savings,Hindi,Card blocked without notice and merchant payment failed.,Cards/ATM
CMP-00032,2026-05-04T22:22,CUST-7658,Social Media,South,Lucknow Hazratganj,Current,English,Card blocked without notice and merchant payment failed.,Cards/ATM
CMP-00033,2026-05-04T23:07,CUST-2771,Call Center,North,Pune Camp,Current,English,Unable to login to internet banking since yesterday.,Internet Banking
CMP-00034,2026-05-04T23:52,CUST-7528,Chat,East,Mumbai Main,Credit Card,Hindi,Password reset link keeps failing with server error.,Internet Banking
CMP-00035,2026-05-05T00:37,CUST-2889,Chat,South,Jaipur MI Road,Credit Card,English,Suspicious login alert came from unknown location.,Fraud/Security
CMP-00036,2026-05-05T01:22,CUST-9379,Email,West,Jaipur MI Road,Current,Hindi,Beneficiary not receiving money even after successful status.,UPI/Payments
CMP-00037,2026-05-05T02:07,CUST-4228,Chat,West,Mumbai Main,Internet Banking,Hindi,Beneficiary not receiving money even after successful status.,UPI/Payments
CMP-00038,2026-05-05T02:52,CUST-7691,Chat,West,Bengaluru MG Road,Loan,English,Cheque book request not processed and no tracking available.,Account Services
CMP-00039,2026-05-05T03:37,CUST-7653,Social Media,North,Bengaluru MG Road,Credit Card,English,Credit card payment posted twice and statement is incorrect.,Cards/ATM
CMP-00040,2026-05-05T04:22,CUST-4501,Social Media,West,Lucknow Hazratganj,Internet Banking,English,Net banking page times out while downloading statement.,Internet Banking
CMP-00041,2026-05-05T05:07,CUST-4848,Chat,South,Lucknow Hazratganj,Current,English,Credit score impacted due to incorrect overdue on loan account.,Loan/Credit
CMP-00042,2026-05-05T05:52,CUST-4185,Call Center,West,Pune Camp,Current,English,My UPI payment of Rs 31638 failed but amount got debited.,UPI/Payments
CMP-00043,2026-05-05T06:37,CUST-9486,Call Center,North,Jaipur MI Road,Current,English,Suspicious login alert came from unknown location.,Fraud/Security
CMP-00044,2026-05-05T07:22,CUST-8251,Social Media,Central,Pune Camp,Loan,Hindi,Unable to login to internet banking since yesterday.,Internet Banking
CMP-00045,2026-05-05T08:07,CUST-5543,Social Media,West,Lucknow Hazratganj,Credit Card,Hindi,Card blocked without notice and merchant payment failed.,Cards/ATM
CMP-00046,2026-05-05T08:52,CUST-9849,Email,South,Lucknow Hazratganj,Current,Hindi,Beneficiary not receiving money even after successful status.,UPI/Payments
CMP-00047,2026-05-05T09:37,CUST-9890,Call Center,West,Mumbai Main,Current,Hindi,"Unauthorized transaction detected on my account, please block immediately.",Fraud/Security
CMP-00048,2026-05-05T10:22,CUST-6763,Chat,West,Pune Camp,Loan,Marathi,Net banking page times out while downloading statement.,Internet Banking
CMP-00049,2026-05-05T11:07,CUST-8956,Email,West,Bengaluru MG Road,Internet Banking,Marathi,Suspicious login alert came from unknown location.,Fraud/Security
CMP-00050,2026-05-05T11:52,CUST-7455,Social Media,Central,Mumbai Main,Savings,Marathi,Net banking page times out while downloading statement.,Internet Banking
CMP-00051,2026-05-05T12:37,CUST-4467,Call Center,East,Bengaluru MG Road,UPI,Hindi,Unable to login to internet banking since yesterday.,Internet Banking
CMP-00052,2026-05-05T13:22,CUST-6733,Branch,North,Mumbai Main,Savings,English,Password reset link keeps failing with server error. This issue has been repeated multiple times and still unresolved.,Internet Banking
CMP-00053,2026-05-05T14:07,CUST-2874,Social Media,South,Pune Camp,Internet Banking,Hindi,ATM debited cash but did not dispense money at Lucknow Hazratganj.,Cards/ATM
CMP-00054,2026-05-05T14:52,CUST-2771,Social Media,North,Bengaluru MG Road,Loan,Marathi,Loan EMI auto-debit failed despite sufficient balance.,Loan/Credit
CMP-00055,2026-05-05T15:37,CUST-4978,Email,East,Jaipur MI Road,Savings,Marathi,Password reset link keeps failing with server error.,Internet Banking
CMP-00056,2026-05-05T16:22,CUST-6590,Email,West,Pune Camp,Savings,Hindi,Transaction pending for more than 29 hours in UPI app.,UPI/Payments
CMP-00057,2026-05-05T17:07,CUST-9548,Chat,Central,Jaipur MI Road,UPI,Hindi,Credit score impacted due to incorrect overdue on loan account.,Loan/Credit
CMP-00058,2026-05-05T17:52,CUST-2419,Chat,West,Lucknow Hazratganj,UPI,Marathi,Net banking page times out while downloading statement.,Internet Banking
CMP-00059,2026-05-05T18:37,CUST-3979,Call Center,South,Bengaluru MG Road,Credit Card,Hindi,Account statement email not received despite request.,Account Services
CMP-00060,2026-05-05T19:22,CUST-4130,Email,South,Pune Camp,UPI,Marathi,Credit score impacted due to incorrect overdue on loan account.,Loan/Credit
CMP-00061,2026-05-05T20:07,CUST-2524,Chat,South,Pune Camp,Internet Banking,English,Card blocked without notice and merchant payment failed.,Cards/ATM
CMP-00062,2026-05-05T20:52,CUST-7971,Social Media,East,Bengaluru MG Road,Internet Banking,Hindi,Credit score impacted due to incorrect overdue on loan account.,Loan/Credit
CMP-00063,2026-05-05T21:37,CUST-9779,Branch,South,Lucknow Hazratganj,Internet Banking,Hindi,Personal loan closure not updated and extra interest charged.,Loan/Credit
CMP-00064,2026-05-05T22:22,CUST-4180,Chat,South,Bengaluru MG Road,Current,Hindi,Credit score impacted due to incorrect overdue on loan account.,Loan/Credit
CMP-00065,2026-05-05T23:07,CUST-5786,Branch,West,Mumbai Main,Savings,Marathi,Beneficiary not receiving money even after successful status.,UPI/Payments
CMP-00066,2026-05-05T23:52,CUST-5136,Call Center,North,Mumbai Main,UPI,Hindi,Personal loan closure not updated and extra interest charged.,Loan/Credit
CMP-00067,2026-05-06T00:37,CUST-5978,Email,South,Mumbai Main,Loan,Hindi,Beneficiary not receiving money even after successful status.,UPI/Payments
CMP-00068,2026-05-06T01:22,CUST-8253,Chat,Central,Pune Camp,Credit Card,Marathi,Account statement email not received despite request.,Account Services
CMP-00069,2026-05-06T02:07,CUST-2330,Branch,South,Lucknow Hazratganj,Loan,English,Address update request pending for 8 days.,Account Services
CMP-00070,2026-05-06T02:52,CUST-4792,Chat,East,Pune Camp,Savings,Marathi,ATM debited cash but did not dispense money at Pune Camp.,Cards/ATM
CMP-00071,2026-05-06T03:37,CUST-4683,Branch,East,Lucknow Hazratganj,Savings,English,Credit card payment posted twice and statement is incorrect.,Cards/ATM
CMP-00072,2026-05-06T04:22,CUST-5982,Call Center,East,Jaipur MI Road,Loan,Hindi,Credit card payment posted twice and statement is incorrect.,Cards/ATM
CMP-00073,2026-05-06T05:07,CUST-1423,Email,South,Jaipur MI Road,Loan,English,Unable to login to internet banking since yesterday.,Internet Banking
CMP-00074,2026-05-06T05:52,CUST-8245,Chat,South,Jaipur MI Road,UPI,Marathi,Received phishing call pretending to be bank officer.,Fraud/Security
CMP-00075,2026-05-06T06:37,CUST-2713,Branch,East,Pune Camp,Internet Banking,Hindi,Unable to login to internet banking since yesterday.,Internet Banking
CMP-00076,2026-05-06T07:22,CUST-5135,Chat,North,Pune Camp,Loan,English,Credit score impacted due to incorrect overdue on loan account.,Loan/Credit
CMP-00077,2026-05-06T08:07,CUST-9167,Call Center,North,Lucknow Hazratganj,Credit Card,Marathi,Suspicious login alert came from unknown location.,Fraud/Security
CMP-00078,2026-05-06T08:52,CUST-4920,Branch,East,Jaipur MI Road,Savings,Marathi,Credit card payment posted twice and statement is incorrect. This issue has been repeated multiple times and still unresolved.,Cards/ATM
CMP-00079,2026-05-06T09:37,CUST-3522,Call Center,East,Jaipur MI Road,Internet Banking,Hindi,Unable to login to internet banking since yesterday.,Internet Banking
CMP-00080,2026-05-06T10:22,CUST-4122,Social Media,Central,Lucknow Hazratganj,Savings,Hindi,Password reset link keeps failing with server error.,Internet Banking
CMP-00081,2026-05-06T11:07,CUST-9022,Branch,West,Jaipur MI Road,UPI,Hindi,Password reset link keeps failing with server error.,Internet Banking
CMP-00082,2026-05-06T11:52,CUST-4912,Social Media,West,Lucknow Hazratganj,UPI,English,Credit score impacted due to incorrect overdue on loan account.,Loan/Credit
CMP-00083,2026-05-06T12:37,CUST-3492,Call Center,North,Lucknow Hazratganj,Loan,Marathi,Credit score impacted due to incorrect overdue on loan account.,Loan/Credit
CMP-00084,2026-05-06T13:22,CUST-3361,Call Center,South,Mumbai Main,UPI,Hindi,Loan EMI auto-debit failed despite sufficient balance. This issue has been repeated multiple times and still unresolved.,Loan/Credit
CMP-00085,2026-05-06T14:07,CUST-9742,Call Center,East,Pune Camp,Loan,English,Credit score impacted due to incorrect overdue on loan account.,Loan/Credit
CMP-00086,2026-05-06T14:52,CUST-8110,Email,North,Pune Camp,Current,Marathi,Address update request pending for 11 days.,Account Services
CMP-00087,2026-05-06T15:37,CUST-8056,Branch,South,Jaipur MI Road,UPI,Marathi,Loan EMI auto-debit failed despite sufficient balance.,Loan/Credit
CMP-00088,2026-05-06T16:22,CUST-4945,Call Center,Central,Lucknow Hazratganj,Current,Hindi,"Unauthorized transaction detected on my account, please block immediately.",Fraud/Security
CMP-00089,2026-05-06T17:07,CUST-9955,Branch,North,Pune Camp,Credit Card,Marathi,Received phishing call pretending to be bank officer.,Fraud/Security
CMP-00090,2026-05-06T17:52,CUST-4263,Call Center,West,Mumbai Main,Current,Hindi,Credit score impacted due to incorrect overdue on loan account.,Loan/Credit
CMP-00091,2026-05-06T18:37,CUST-7484,Chat,North,Jaipur MI Road,Internet Banking,Marathi,Cheque book request not processed and no tracking available.,Account Services
CMP-00092,2026-05-06T19:22,CUST-6772,Branch,South,Jaipur MI Road,Credit Card,Marathi,Beneficiary not receiving money even after successful status.,UPI/Payments
CMP-00093,2026-05-06T20:07,CUST-8222,Email,Central,Bengaluru MG Road,Internet Banking,English,Suspicious login alert came from unknown location.,Fraud/Security
CMP-00094,2026-05-06T20:52,CUST-9837,Chat,Central,Jaipur MI Road,Credit Card,English,Transaction pending for more than 28 hours in UPI app.,UPI/Payments
CMP-00095,2026-05-06T21:37,CUST-3306,Branch,West,Jaipur MI Road,Credit Card,English,Personal loan closure not updated and extra interest charged.,Loan/Credit
CMP-00096,2026-05-06T22:22,CUST-5295,Social Media,West,Bengaluru MG Road,Savings,Marathi,Unable to login to internet banking since yesterday.,Internet Banking
CMP-00097,2026-05-06T23:07,CUST-4626,Email,West,Bengaluru MG Road,Internet Banking,Hindi,Credit card payment posted twice and statement is incorrect.,Cards/ATM
CMP-00098,2026-05-06T23:52,CUST-4846,Social Media,South,Pune Camp,UPI,Hindi,My UPI payment of Rs 3471 failed but amount got debited.,UPI/Payments
CMP-00099,2026-05-07T00:37,CUST-3531,Call Center,North,Pune Camp,Loan,Hindi,Suspicious login alert came from unknown location.,Fraud/Security
CMP-00100,2026-05-07T01:22,CUST-4868,Chat,North,Bengaluru MG Road,Loan,Marathi,Loan EMI auto-debit failed despite sufficient balance.,Loan/Credit
CMP-00101,2026-05-07T02:07,CUST-8450,Email,South,Jaipur MI Road,Savings,English,Loan EMI auto-debit failed despite sufficient balance.,Loan/Credit
CMP-00102,2026-05-07T02:52,CUST-4394,Social Media,South,Lucknow Hazratganj,Credit Card,English,Loan EMI auto-debit failed despite sufficient balance.,Loan/Credit
CMP-00103,2026-05-07T03:37,CUST-3858,Email,North,Lucknow Hazratganj,Savings,Hindi,Address update request pending for 6 days.,Account Services
CMP-00104,2026-05-07T04:22,CUST-7897,Social Media,North,Mumbai Main,UPI,Hindi,Card blocked without notice and merchant payment failed. This issue has been repeated multiple times and still unresolved.,Cards/ATM
CMP-00105,2026-05-07T05:07,CUST-1710,Social Media,East,Pune Camp,Internet Banking,English,Credit score impacted due to incorrect overdue on loan account.,Loan/Credit
CMP-00106,2026-05-07T05:52,CUST-8267,Email,North,Bengaluru MG Road,Loan,English,Transaction pending for more than 29 hours in UPI app.,UPI/Payments
CMP-00107,2026-05-07T06:37,CUST-7240,Social Media,Central,Bengaluru MG Road,UPI,Marathi,My UPI payment of Rs 18523 failed but amount got debited.,UPI/Payments
CMP-00108,2026-05-07T07:22,CUST-4522,Call Center,West,Lucknow Hazratganj,UPI,Hindi,Cheque book request not processed and no tracking available.,Account Services
CMP-00109,2026-05-07T08:07,CUST-5176,Chat,South,Pune Camp,Savings,English,Password reset link keeps failing with server error.,Internet Banking
CMP-00110,2026-05-07T08:52,CUST-6400,Email,West,Bengaluru MG Road,Internet Banking,Hindi,My UPI payment of Rs 28803 failed but amount got debited.,UPI/Payments
CMP-00111,2026-05-07T09:37,CUST-9313,Branch,South,Pune Camp,Current,English,"Unauthorized transaction detected on my account, please block immediately.",Fraud/Security
CMP-00112,2026-05-07T10:22,CUST-8030,Social Media,Central,Jaipur MI Road,Internet Banking,Marathi,Credit score impacted due to incorrect overdue on loan account.,Loan/Credit
CMP-00113,2026-05-07T11:07,CUST-6062,Chat,East,Mumbai Main,Current,English,Address update request pending for 10 days.,Account Services
CMP-00114,2026-05-07T11:52,CUST-9691,Branch,West,Pune Camp,UPI,Hindi,Account statement email not received despite request.,Account Services
CMP-00115,2026-05-07T12:37,CUST-1861,Branch,South,Jaipur MI Road,Savings,Marathi,Credit card payment posted twice and statement is incorrect.,Cards/ATM
CMP-00116,2026-05-07T13:22,CUST-7785,Chat,South,Jaipur MI Road,Savings,Hindi,Transaction pending for more than 44 hours in UPI app.,UPI/Payments
CMP-00117,2026-05-07T14:07,CUST-6053,Email,South,Pune Camp,Loan,English,Unable to login to internet banking since yesterday.,Internet Banking
CMP-00118,2026-05-07T14:52,CUST-2965,Email,West,Pune Camp,Current,English,My UPI payment of Rs 20253 failed but amount got debited.,UPI/Payments
CMP-00119,2026-05-07T15:37,CUST-6802,Email,West,Mumbai Main,UPI,English,Net banking page times out while downloading statement.,Internet Banking
CMP-00120,2026-05-07T16:22,CUST-7843,Chat,North,Pune Camp,Savings,Hindi,Unable to login to internet banking since yesterday.,Internet Banking
CMP-00121,2026-05-07T17:07,CUST-2734,Branch,West,Jaipur MI Road,UPI,Marathi,Card blocked without notice and merchant payment failed.,Cards/ATM
CMP-00122,2026-05-07T17:52,CUST-2251,Social Media,North,Jaipur MI Road,Loan,English,Transaction pending for more than 23 hours in UPI app.,UPI/Payments
CMP-00123,2026-05-07T18:37,CUST-5193,Branch,South,Jaipur MI Road,Current,Marathi,Personal loan closure not updated and extra interest charged.,Loan/Credit
CMP-00124,2026-05-07T19:22,CUST-8354,Social Media,Central,Bengaluru MG Road,Internet Banking,Hindi,My UPI payment of Rs 41653 failed but amount got debited.,UPI/Payments
CMP-00125,2026-05-07T20:07,CUST-1920,Chat,Central,Mumbai Main,Credit Card,Hindi,Credit card payment posted twice and statement is incorrect.,Cards/ATM
CMP-00126,2026-05-07T20:52,CUST-2479,Social Media,Central,Jaipur MI Road,UPI,Hindi,Unable to login to internet banking since yesterday.,Internet Banking
CMP-00127,2026-05-07T21:37,CUST-6267,Social Media,West,Jaipur MI Road,Current,English,Account statement email not received despite request.,Account Services
CMP-00128,2026-05-07T22:22,CUST-1641,Branch,West,Pune Camp,Loan,Marathi,Unable to login to internet banking since yesterday.,Internet Banking
CMP-00129,2026-05-07T23:07,CUST-6543,Social Media,North,Bengaluru MG Road,Savings,Hindi,Address update request pending for 11 days.,Account Services
CMP-00130,2026-05-07T23:52,CUST-3463,Chat,North,Jaipur MI Road,Internet Banking,English,Beneficiary not receiving money even after successful status.,UPI/Payments
CMP-00131,2026-05-08T00:37,CUST-2388,Chat,Central,Pune Camp,Internet Banking,Hindi,Personal loan closure not updated and extra interest charged.,Loan/Credit
CMP-00132,2026-05-08T01:22,CUST-7937,Social Media,East,Mumbai Main,Credit Card,Hindi,Card blocked without notice and merchant payment failed.,Cards/ATM
CMP-00133,2026-05-08T02:07,CUST-3538,Email,East,Mumbai Main,Loan,Marathi,ATM debited cash but did not dispense money at Lucknow Hazratganj.,Cards/ATM
CMP-00134,2026-05-08T02:52,CUST-7172,Branch,South,Lucknow Hazratganj,Internet Banking,Marathi,Suspicious login alert came from unknown location.,Fraud/Security
CMP-00135,2026-05-08T03:37,CUST-4891,Call Center,Central,Bengaluru MG Road,Internet Banking,Hindi,Card blocked without notice and merchant payment failed.,Cards/ATM
CMP-00136,2026-05-08T04:22,CUST-8218,Call Center,East,Pune Camp,Loan,Marathi,Card blocked without notice and merchant payment failed.,Cards/ATM
CMP-00137,2026-05-08T05:07,CUST-8873,Chat,Central,Mumbai Main,Internet Banking,Marathi,Unable to login to internet banking since yesterday. This issue has been repeated multiple times and still unresolved.,Internet Banking
CMP-00138,2026-05-08T05:52,CUST-3414,Call Center,North,Lucknow Hazratganj,UPI,Hindi,Transaction pending for more than 12 hours in UPI app.,UPI/Payments
CMP-00139,2026-05-08T06:37,CUST-2337,Chat,South,Mumbai Main,Credit Card,English,Transaction pending for more than 27 hours in UPI app.,UPI/Payments
CMP-00140,2026-05-08T07:22,CUST-8740,Branch,West,Pune Camp,Loan,English,Suspicious login alert came from unknown location.,Fraud/Security
CMP-00141,2026-05-08T08:07,CUST-9647,Call Center,North,Bengaluru MG Road,Current,Hindi,My UPI payment of Rs 17272 failed but amount got debited.,UPI/Payments
CMP-00142,2026-05-08T08:52,CUST-9189,Social Media,Central,Mumbai Main,Internet Banking,Marathi,My UPI payment of Rs 16126 failed but amount got debited. This issue has been repeated multiple times and still unresolved.,UPI/Payments
CMP-00143,2026-05-08T09:37,CUST-6780,Branch,Central,Pune Camp,Current,Marathi,Address update request pending for 11 days. This issue has been repeated multiple times and still unresolved.,Account Services
CMP-00144,2026-05-08T10:22,CUST-9316,Social Media,North,Pune Camp,UPI,English,"Unauthorized transaction detected on my account, please block immediately.",Fraud/Security
CMP-00145,2026-05-08T11:07,CUST-6649,Branch,North,Jaipur MI Road,Internet Banking,Hindi,Received phishing call pretending to be bank officer.,Fraud/Security
CMP-00146,2026-05-08T11:52,CUST-8612,Call Center,South,Lucknow Hazratganj,Savings,Marathi,ATM debited cash but did not dispense money at Lucknow Hazratganj.,Cards/ATM
CMP-00147,2026-05-08T12:37,CUST-6170,Chat,Central,Pune Camp,Loan,Hindi,Unable to login to internet banking since yesterday.,Internet Banking
CMP-00148,2026-05-08T13:22,CUST-1783,Chat,East,Mumbai Main,Credit Card,Hindi,Loan EMI auto-debit failed despite sufficient balance.,Loan/Credit
CMP-00149,2026-05-08T14:07,CUST-9151,Chat,Central,Bengaluru MG Road,Savings,Marathi,Net banking page times out while downloading statement.,Internet Banking
CMP-00150,2026-05-08T14:52,CUST-2680,Email,East,Bengaluru MG Road,Credit Card,Hindi,Unable to login to internet banking since yesterday.,Internet Banking
CMP-00151,2026-05-08T15:37,CUST-6776,Social Media,West,Bengaluru MG Road,Internet Banking,English,Account statement email not received despite request.,Account Services
CMP-00152,2026-05-08T16:22,CUST-3621,Email,South,Jaipur MI Road,Internet Banking,Hindi,Beneficiary not receiving money even after successful status.,UPI/Payments
CMP-00153,2026-05-08T17:07,CUST-1530,Social Media,South,Pune Camp,Credit Card,Hindi,My UPI payment of Rs 4906 failed but amount got debited.,UPI/Payments
CMP-00154,2026-05-08T17:52,CUST-5566,Branch,North,Mumbai Main,Internet Banking,English,Unable to login to internet banking since yesterday.,Internet Banking
CMP-00155,2026-05-08T18:37,CUST-8311,Branch,Central,Bengaluru MG Road,Internet Banking,Hindi,Net banking page times out while downloading statement.,Internet Banking
CMP-00156,2026-05-08T19:22,CUST-8292,Email,East,Bengaluru MG Road,Internet Banking,English,ATM debited cash but did not dispense money at Lucknow Hazratganj.,Cards/ATM
CMP-00157,2026-05-08T20:07,CUST-9335,Branch,North,Lucknow Hazratganj,Current,English,Account statement email not received despite request.,Account Services
CMP-00158,2026-05-08T20:52,CUST-3126,Social Media,North,Mumbai Main,Credit Card,Hindi,Unable to login to internet banking since yesterday.,Internet Banking
CMP-00159,2026-05-08T21:37,CUST-2208,Branch,East,Mumbai Main,UPI,Hindi,Suspicious login alert came from unknown location.,Fraud/Security
CMP-00160,2026-05-08T22:22,CUST-3114,Call Center,Central,Mumbai Main,Savings,Marathi,Suspicious login alert came from unknown location.,Fraud/Security
CMP-00161,2026-05-08T23:07,CUST-9501,Chat,North,Bengaluru MG Road,Current,Marathi,Credit card payment posted twice and statement is incorrect.,Cards/ATM
CMP-00162,2026-05-08T23:52,CUST-9234,Branch,Central,Jaipur MI Road,Current,English,Cheque book request not processed and no tracking available.,Account Services
CMP-00163,2026-05-09T00:37,CUST-1464,Email,North,Jaipur MI Road,Credit Card,Marathi,Suspicious login alert came from unknown location. This issue has been repeated multiple times and still unresolved.,Fraud/Security
CMP-00164,2026-05-09T01:22,CUST-9938,Chat,East,Pune Camp,Current,Marathi,Card blocked without notice and merchant payment failed.,Cards/ATM
CMP-00165,2026-05-09T02:07,CUST-8933,Call Center,South,Bengaluru MG Road,Loan,English,Password reset link keeps failing with server error.,Internet Banking
CMP-00166,2026-05-09T02:52,CUST-7070,Social Media,Central,Mumbai Main,Credit Card,English,Credit score impacted due to incorrect overdue on loan account.,Loan/Credit
CMP-00167,2026-05-09T03:37,CUST-5754,Call Center,Central,Pune Camp,Current,English,Unable to login to internet banking since yesterday.,Internet Banking
CMP-00168,2026-05-09T04:22,CUST-9433,Call Center,West,Bengaluru MG Road,UPI,English,Credit score impacted due to incorrect overdue on loan account.,Loan/Credit
CMP-00169,2026-05-09T05:07,CUST-1797,Email,East,Pune Camp,Loan,Marathi,Transaction pending for more than 31 hours in UPI app.,UPI/Payments
CMP-00170,2026-05-09T05:52,CUST-5333,Chat,West,Bengaluru MG Road,Savings,Hindi,Received phishing call pretending to be bank officer.,Fraud/Security
CMP-00171,2026-05-09T06:37,CUST-7329,Social Media,West,Jaipur MI Road,Credit Card,Marathi,Beneficiary not receiving money even after successful status.,UPI/Payments
CMP-00172,2026-05-09T07:22,CUST-6555,Social Media,East,Lucknow Hazratganj,Current,Marathi,Suspicious login alert came from unknown location.,Fraud/Security
CMP-00173,2026-05-09T08:07,CUST-6456,Call Center,Central,Pune Camp,Current,Marathi,Cheque book request not processed and no tracking available.,Account Services
CMP-00174,2026-05-09T08:52,CUST-5902,Social Media,East,Jaipur MI Road,Loan,Marathi,Address update request pending for 12 days.,Account Services
CMP-00175,2026-05-09T09:37,CUST-2795,Call Center,Central,Bengaluru MG Road,Internet Banking,Marathi,Net banking page times out while downloading statement.,Internet Banking
CMP-00176,2026-05-09T10:22,CUST-1841,Social Media,West,Lucknow Hazratganj,Loan,Marathi,"Unauthorized transaction detected on my account, please block immediately.",Fraud/Security
CMP-00177,2026-05-09T11:07,CUST-2800,Branch,North,Pune Camp,Credit Card,Hindi,Suspicious login alert came from unknown location.,Fraud/Security
CMP-00178,2026-05-09T11:52,CUST-8726,Email,South,Jaipur MI Road,Current,Marathi,Credit card payment posted twice and statement is incorrect.,Cards/ATM
CMP-00179,2026-05-09T12:37,CUST-8531,Social Media,East,Jaipur MI Road,Credit Card,Marathi,Credit score impacted due to incorrect overdue on loan account.,Loan/Credit
CMP-00180,2026-05-09T13:22,CUST-5038,Chat,Central,Bengaluru MG Road,Current,Hindi,Suspicious login alert came from unknown location.,Fraud/Security
CMP-00181,2026-05-09T14:07,CUST-5480,Chat,North,Jaipur MI Road,Internet Banking,Marathi,Credit score impacted due to incorrect overdue on loan account.,Loan/Credit
CMP-00182,2026-05-09T14:52,CUST-2294,Chat,West,Bengaluru MG Road,Internet Banking,Hindi,Password reset link keeps failing with server error.,Internet Banking
CMP-00183,2026-05-09T15:37,CUST-4920,Branch,North,Jaipur MI Road,Current,Marathi,ATM debited cash but did not dispense money at Bengaluru MG Road.,Cards/ATM
CMP-00184,2026-05-09T16:22,CUST-3252,Email,Central,Lucknow Hazratganj,UPI,Marathi,ATM debited cash but did not dispense money at Pune Camp.,Cards/ATM
CMP-00185,2026-05-09T17:07,CUST-1969,Email,Central,Lucknow Hazratganj,Loan,Marathi,Password reset link keeps failing with server error.,Internet Banking
CMP-00186,2026-05-09T17:52,CUST-7504,Call Center,South,Bengaluru MG Road,Savings,English,"Unauthorized transaction detected on my account, please block immediately.",Fraud/Security
CMP-00187,2026-05-09T18:37,CUST-9901,Social Media,West,Lucknow Hazratganj,Loan,Hindi,Credit score impacted due to incorrect overdue on loan account.,Loan/Credit
CMP-00188,2026-05-09T19:22,CUST-4050,Email,East,Bengaluru MG Road,Loan,Marathi,Loan EMI auto-debit failed despite sufficient balance.,Loan/Credit
CMP-00189,2026-05-09T20:07,CUST-2421,Call Center,North,Lucknow Hazratganj,Current,Hindi,ATM debited cash but did not dispense money at Pune Camp.,Cards/ATM
CMP-00190,2026-05-09T20:52,CUST-5374,Chat,East,Jaipur MI Road,Internet Banking,Marathi,Loan EMI auto-debit failed despite sufficient balance.,Loan/Credit
CMP-00191,2026-05-09T21:37,CUST-8625,Chat,South,Pune Camp,Internet Banking,Marathi,Transaction pending for more than 25 hours in UPI app.,UPI/Payments
CMP-00192,2026-05-09T22:22,CUST-4590,Branch,West,Lucknow Hazratganj,UPI,Marathi,Received phishing call pretending to be bank officer.,Fraud/Security
CMP-00193,2026-05-09T23:07,CUST-4578,Branch,Central,Mumbai Main,Loan,Hindi,Cheque book request not processed and no tracking available.,Account Services
CMP-00194,2026-05-09T23:52,CUST-9972,Social Media,South,Jaipur MI Road,Loan,English,Account statement email not received despite request. This issue has been repeated multiple times and still unresolved.,Account Services
CMP-00195,2026-05-10T00:37,CUST-9008,Email,Central,Pune Camp,Savings,Hindi,Credit card payment posted twice and statement is incorrect.,Cards/ATM
CMP-00196,2026-05-10T01:22,CUST-6049,Email,West,Bengaluru MG Road,Savings,Marathi,Card blocked without notice and merchant payment failed.,Cards/ATM
CMP-00197,2026-05-10T02:07,CUST-9866,Email,North,Pune Camp,Savings,Hindi,Card blocked without notice and merchant payment failed.,Cards/ATM
CMP-00198,2026-05-10T02:52,CUST-7266,Call Center,West,Pune Camp,Savings,Marathi,Unable to login to internet banking since yesterday.,Internet Banking
CMP-00199,2026-05-10T03:37,CUST-9802,Call Center,Central,Lucknow Hazratganj,Internet Banking,English,Suspicious login alert came from unknown location.,Fraud/Security
CMP-00200,2026-05-10T04:22,CUST-4762,Branch,West,Bengaluru MG Road,Current,Hindi,My UPI payment of Rs 20053 failed but amount got debited.,UPI/Payments
CMP-00201,2026-05-10T05:07,CUST-1256,Branch,South,Mumbai Main,Savings,Marathi,Card blocked without notice and merchant payment failed.,Cards/ATM
CMP-00202,2026-05-10T05:52,CUST-7590,Call Center,South,Jaipur MI Road,Current,English,Transaction pending for more than 45 hours in UPI app.,UPI/Payments
CMP-00203,2026-05-10T06:37,CUST-6253,Branch,East,Lucknow Hazratganj,Internet Banking,Marathi,Card blocked without notice and merchant payment failed.,Cards/ATM
CMP-00204,2026-05-10T07:22,CUST-3869,Call Center,Central,Pune Camp,Savings,Hindi,Credit card payment posted twice and statement is incorrect.,Cards/ATM
CMP-00205,2026-05-10T08:07,CUST-5913,Call Center,South,Jaipur MI Road,UPI,English,Suspicious login alert came from unknown location.,Fraud/Security
CMP-00206,2026-05-10T08:52,CUST-7824,Social Media,Central,Lucknow Hazratganj,UPI,English,Credit card payment posted twice and statement is incorrect.,Cards/ATM
CMP-00207,2026-05-10T09:37,CUST-2514,Social Media,South,Mumbai Main,Credit Card,Hindi,Loan EMI auto-debit failed despite sufficient balance.,Loan/Credit
CMP-00208,2026-05-10T10:22,CUST-4555,Call Center,South,Bengaluru MG Road,Credit Card,English,Suspicious login alert came from unknown location.,Fraud/Security
CMP-00209,2026-05-10T11:07,CUST-4350,Call Center,South,Jaipur MI Road,Credit Card,Hindi,ATM debited cash but did not dispense money at Lucknow Hazratganj.,Cards/ATM
CMP-00210,2026-05-10T11:52,CUST-9401,Call Center,West,Mumbai Main,Internet Banking,Hindi,Password reset link keeps failing with server error.,Internet Banking
CMP-00211,2026-05-10T12:37,CUST-4625,Branch,North,Bengaluru MG Road,Loan,Marathi,Loan EMI auto-debit failed despite sufficient balance.,Loan/Credit
CMP-00212,2026-05-10T13:22,CUST-7223,Social Media,South,Pune Camp,Loan,Marathi,Account statement email not received despite request.,Account Services
CMP-00213,2026-05-10T14:07,CUST-6770,Branch,South,Jaipur MI Road,UPI,English,Received phishing call pretending to be bank officer.,Fraud/Security
CMP-00214,2026-05-10T14:52,CUST-1794,Email,West,Lucknow Hazratganj,Internet Banking,English,Account statement email not received despite request.,Account Services
CMP-00215,2026-05-10T15:37,CUST-1990,Social Media,Central,Pune Camp,Internet Banking,Hindi,Beneficiary not receiving money even after successful status.,UPI/Payments
CMP-00216,2026-05-10T16:22,CUST-5501,Social Media,East,Mumbai Main,Loan,Marathi,My UPI payment of Rs 35379 failed but amount got debited. This issue has been repeated multiple times and still unresolved.,UPI/Payments
CMP-00217,2026-05-10T17:07,CUST-4144,Social Media,Central,Bengaluru MG Road,Credit Card,Hindi,Received phishing call pretending to be bank officer.,Fraud/Security
CMP-00218,2026-05-10T17:52,CUST-4700,Chat,North,Mumbai Main,Savings,Hindi,Unable to login to internet banking since yesterday.,Internet Banking
CMP-00219,2026-05-10T18:37,CUST-2354,Call Center,West,Bengaluru MG Road,Loan,English,Password reset link keeps failing with server error.,Internet Banking
CMP-00220,2026-05-10T19:22,CUST-2218,Chat,Central,Jaipur MI Road,Internet Banking,English,Address update request pending for 20 days.,Account Services
CMP-00221,2026-05-10T20:07,CUST-7525,Email,East,Lucknow Hazratganj,Loan,English,Credit card payment posted twice and statement is incorrect.,Cards/ATM
CMP-00222,2026-05-10T20:52,CUST-3292,Email,Central,Bengaluru MG Road,Savings,English,Cheque book request not processed and no tracking available.,Account Services
CMP-00223,2026-05-10T21:37,CUST-7499,Chat,North,Bengaluru MG Road,UPI,Hindi,Unable to login to internet banking since yesterday.,Internet Banking
CMP-00224,2026-05-10T22:22,CUST-7227,Email,Central,Bengaluru MG Road,Current,Marathi,Credit card payment posted twice and statement is incorrect.,Cards/ATM
CMP-00225,2026-05-10T23:07,CUST-6188,Chat,North,Mumbai Main,Savings,Hindi,My UPI payment of Rs 18061 failed but amount got debited.,UPI/Payments
CMP-00226,2026-05-10T23:52,CUST-8353,Social Media,Central,Jaipur MI Road,UPI,English,Password reset link keeps failing with server error.,Internet Banking
CMP-00227,2026-05-11T00:37,CUST-6315,Call Center,North,Bengaluru MG Road,UPI,Hindi,My UPI payment of Rs 23694 failed but amount got debited.,UPI/Payments
CMP-00228,2026-05-11T01:22,CUST-7237,Branch,South,Bengaluru MG Road,Credit Card,Hindi,Beneficiary not receiving money even after successful status.,UPI/Payments
CMP-00229,2026-05-11T02:07,CUST-8933,Email,East,Bengaluru MG Road,Current,Marathi,Unable to login to internet banking since yesterday.,Internet Banking
CMP-00230,2026-05-11T02:52,CUST-5991,Email,West,Bengaluru MG Road,Loan,Hindi,Received phishing call pretending to be bank officer.,Fraud/Security
CMP-00231,2026-05-11T03:37,CUST-4290,Call Center,East,Lucknow Hazratganj,UPI,Hindi,Personal loan closure not updated and extra interest charged.,Loan/Credit
CMP-00232,2026-05-11T04:22,CUST-6339,Call Center,East,Pune Camp,Credit Card,English,Credit score impacted due to incorrect overdue on loan account.,Loan/Credit
CMP-00233,2026-05-11T05:07,CUST-8563,Branch,West,Bengaluru MG Road,Internet Banking,English,Address update request pending for 7 days. This issue has been repeated multiple times and still unresolved.,Account Services
CMP-00234,2026-05-11T05:52,CUST-3525,Call Center,West,Mumbai Main,UPI,Marathi,Net banking page times out while downloading statement.,Internet Banking
CMP-00235,2026-05-11T06:37,CUST-6890,Social Media,Central,Mumbai Main,Savings,English,Net banking page times out while downloading statement.,Internet Banking
CMP-00236,2026-05-11T07:22,CUST-7547,Chat,West,Mumbai Main,Savings,English,Suspicious login alert came from unknown location.,Fraud/Security
CMP-00237,2026-05-11T08:07,CUST-4621,Call Center,East,Pune Camp,UPI,Marathi,Loan EMI auto-debit failed despite sufficient balance.,Loan/Credit
CMP-00238,2026-05-11T08:52,CUST-5840,Call Center,North,Mumbai Main,Internet Banking,English,Account statement email not received despite request.,Account Services
CMP-00239,2026-05-11T09:37,CUST-8801,Email,West,Pune Camp,Credit Card,English,Personal loan closure not updated and extra interest charged.,Loan/Credit
CMP-00240,2026-05-11T10:22,CUST-3692,Branch,Central,Lucknow Hazratganj,Loan,English,Loan EMI auto-debit failed despite sufficient balance.,Loan/Credit
CMP-00241,2026-05-11T11:07,CUST-4053,Call Center,West,Mumbai Main,Internet Banking,Marathi,Credit score impacted due to incorrect overdue on loan account.,Loan/Credit
CMP-00242,2026-05-11T11:52,CUST-4371,Chat,North,Jaipur MI Road,Savings,Marathi,Credit card payment posted twice and statement is incorrect.,Cards/ATM
CMP-00243,2026-05-11T12:37,CUST-9019,Social Media,East,Jaipur MI Road,UPI,Marathi,Credit card payment posted twice and statement is incorrect.,Cards/ATM
CMP-00244,2026-05-11T13:22,CUST-5873,Social Media,Central,Mumbai Main,Internet Banking,English,Net banking page times out while downloading statement.,Internet Banking
CMP-00245,2026-05-11T14:07,CUST-3316,Social Media,West,Pune Camp,Loan,English,Loan EMI auto-debit failed despite sufficient balance.,Loan/Credit
CMP-00246,2026-05-11T14:52,CUST-3838,Social Media,South,Pune Camp,Credit Card,English,Cheque book request not processed and no tracking available.,Account Services
CMP-00247,2026-05-11T15:37,CUST-8939,Branch,South,Pune Camp,Loan,Marathi,Credit card payment posted twice and statement is incorrect.,Cards/ATM
CMP-00248,2026-05-11T16:22,CUST-8272,Call Center,South,Mumbai Main,Loan,English,Received phishing call pretending to be bank officer.,Fraud/Security
CMP-00249,2026-05-11T17:07,CUST-8492,Social Media,West,Jaipur MI Road,Loan,English,Credit card payment posted twice and statement is incorrect.,Cards/ATM
CMP-00250,2026-05-11T17:52,CUST-1681,Call Center,Central,Lucknow Hazratganj,UPI,English,Address update request pending for 13 days.,Account Services
CMP-00251,2026-05-11T18:37,CUST-6711,Email,West,Mumbai Main,Current,English,Suspicious login alert came from unknown location.,Fraud/Security
CMP-00252,2026-05-11T19:22,CUST-3281,Branch,South,Mumbai Main,Loan,Hindi,Suspicious login alert came from unknown location.,Fraud/Security
CMP-00253,2026-05-11T20:07,CUST-5794,Chat,Central,Bengaluru MG Road,Loan,Marathi,Cheque book request not processed and no tracking available.,Account Services
CMP-00254,2026-05-11T20:52,CUST-3078,Branch,South,Lucknow Hazratganj,Internet Banking,Hindi,My UPI payment of Rs 49658 failed but amount got debited.,UPI/Payments
CMP-00255,2026-05-11T21:37,CUST-7786,Call Center,West,Mumbai Main,Internet Banking,English,Card blocked without notice and merchant payment failed.,Cards/ATM
CMP-00256,2026-05-11T22:22,CUST-6362,Social Media,North,Mumbai Main,Internet Banking,Hindi,Net banking page times out while downloading statement.,Internet Banking
CMP-00257,2026-05-11T23:07,CUST-8039,Branch,West,Bengaluru MG Road,Credit Card,Hindi,Suspicious login alert came from unknown location.,Fraud/Security
CMP-00258,2026-05-11T23:52,CUST-1793,Email,North,Pune Camp,Savings,English,Credit score impacted due to incorrect overdue on loan account.,Loan/Credit
CMP-00259,2026-05-12T00:37,CUST-3161,Chat,South,Bengaluru MG Road,Savings,Marathi,Credit card payment posted twice and statement is incorrect.,Cards/ATM
CMP-00260,2026-05-12T01:22,CUST-6005,Branch,West,Mumbai Main,Internet Banking,English,Personal loan closure not updated and extra interest charged.,Loan/Credit
CMP-00261,2026-05-12T02:07,CUST-8291,Email,North,Bengaluru MG Road,Savings,Hindi,My UPI payment of Rs 31748 failed but amount got debited.,UPI/Payments
CMP-00262,2026-05-12T02:52,CUST-2678,Email,East,Bengaluru MG Road,Credit Card,English,"Unauthorized transaction detected on my account, please block immediately.",Fraud/Security
CMP-00263,2026-05-12T03:37,CUST-1138,Social Media,South,Pune Camp,Credit Card,Marathi,Unable to login to internet banking since yesterday.,Internet Banking
CMP-00264,2026-05-12T04:22,CUST-4559,Email,North,Lucknow Hazratganj,Savings,Marathi,Card blocked without notice and merchant payment failed.,Cards/ATM
CMP-00265,2026-05-12T05:07,CUST-2380,Branch,Central,Jaipur MI Road,Loan,Marathi,Received phishing call pretending to be bank officer.,Fraud/Security
CMP-00266,2026-05-12T05:52,CUST-9348,Branch,West,Bengaluru MG Road,Internet Banking,English,Cheque book request not processed and no tracking available.,Account Services
CMP-00267,2026-05-12T06:37,CUST-2163,Social Media,North,Bengaluru MG Road,Credit Card,English,Credit card payment posted twice and statement is incorrect.,Cards/ATM
CMP-00268,2026-05-12T07:22,CUST-2195,Email,Central,Mumbai Main,Savings,Hindi,Net banking page times out while downloading statement.,Internet Banking
CMP-00269,2026-05-12T08:07,CUST-9209,Call Center,West,Pune Camp,Savings,Marathi,ATM debited cash but did not dispense money at Bengaluru MG Road.,Cards/ATM
CMP-00270,2026-05-12T08:52,CUST-9377,Branch,South,Jaipur MI Road,Credit Card,Hindi,Account statement email not received despite request.,Account Services
CMP-00271,2026-05-12T09:37,CUST-4909,Email,South,Mumbai Main,UPI,English,Account statement email not received despite request.,Account Services
CMP-00272,2026-05-12T10:22,CUST-3248,Email,South,Pune Camp,Credit Card,Marathi,Net banking page times out while downloading statement.,Internet Banking
CMP-00273,2026-05-12T11:07,CUST-5403,Email,North,Bengaluru MG Road,UPI,Hindi,Account statement email not received despite request.,Account Services
CMP-00274,2026-05-12T11:52,CUST-9368,Chat,North,Pune Camp,Loan,English,Address update request pending for 20 days.,Account Services
CMP-00275,2026-05-12T12:37,CUST-9336,Email,North,Mumbai Main,Current,English,Loan EMI auto-debit failed despite sufficient balance.,Loan/Credit
CMP-00276,2026-05-12T13:22,CUST-7870,Branch,East,Lucknow Hazratganj,UPI,Marathi,Password reset link keeps failing with server error.,Internet Banking
CMP-00277,2026-05-12T14:07,CUST-1862,Branch,South,Jaipur MI Road,Savings,Hindi,Personal loan closure not updated and extra interest charged.,Loan/Credit
CMP-00278,2026-05-12T14:52,CUST-1130,Chat,South,Bengaluru MG Road,Loan,Hindi,Transaction pending for more than 21 hours in UPI app.,UPI/Payments
CMP-00279,2026-05-12T15:37,CUST-4201,Social Media,South,Lucknow Hazratganj,Savings,Hindi,Suspicious login alert came from unknown location.,Fraud/Security
CMP-00280,2026-05-12T16:22,CUST-7164,Chat,North,Lucknow Hazratganj,Loan,English,My UPI payment of Rs 35990 failed but amount got debited. This issue has been repeated multiple times and still unresolved.,UPI/Payments
CMP-00281,2026-05-12T17:07,CUST-4792,Social Media,West,Bengaluru MG Road,UPI,Marathi,Password reset link keeps failing with server error. This issue has been repeated multiple times and still unresolved.,Internet Banking
CMP-00282,2026-05-12T17:52,CUST-2020,Call Center,South,Lucknow Hazratganj,Credit Card,Hindi,Beneficiary not receiving money even after successful status. This issue has been repeated multiple times and still unresolved.,UPI/Payments
CMP-00283,2026-05-12T18:37,CUST-2223,Branch,South,Jaipur MI Road,Savings,English,Personal loan closure not updated and extra interest charged.,Loan/Credit
CMP-00284,2026-05-12T19:22,CUST-6870,Branch,West,Bengaluru MG Road,UPI,Hindi,My UPI payment of Rs 29962 failed but amount got debited.,UPI/Payments
CMP-00285,2026-05-12T20:07,CUST-6370,Branch,North,Lucknow Hazratganj,Credit Card,Hindi,My UPI payment of Rs 10829 failed but amount got debited. This issue has been repeated multiple times and still unresolved.,UPI/Payments
CMP-00286,2026-05-12T20:52,CUST-7625,Call Center,Central,Jaipur MI Road,Current,English,Address update request pending for 10 days. This issue has been repeated multiple times and still unresolved.,Account Services
CMP-00287,2026-05-12T21:37,CUST-4641,Branch,South,Pune Camp,Credit Card,Marathi,Unable to login to internet banking since yesterday.,Internet Banking
CMP-00288,2026-05-12T22:22,CUST-2228,Email,North,Lucknow Hazratganj,Internet Banking,Hindi,Suspicious login alert came from unknown location.,Fraud/Security
CMP-00289,2026-05-12T23:07,CUST-8096,Call Center,West,Mumbai Main,UPI,Marathi,ATM debited cash but did not dispense money at Pune Camp. This issue has been repeated multiple times and still unresolved.,Cards/ATM
CMP-00290,2026-05-12T23:52,CUST-3435,Email,Central,Jaipur MI Road,Loan,English,Unable to login to internet banking since yesterday.,Internet Banking
CMP-00291,2026-05-13T00:37,CUST-5583,Call Center,South,Pune Camp,Current,Marathi,Received phishing call pretending to be bank officer. This issue has been repeated multiple times and still unresolved.,Fraud/Security
CMP-00292,2026-05-13T01:22,CUST-6883,Call Center,Central,Pune Camp,Credit Card,Marathi,Address update request pending for 2 days.,Account Services
CMP-00293,2026-05-13T02:07,CUST-4588,Email,East,Mumbai Main,UPI,Marathi,Cheque book request not processed and no tracking available.,Account Services
CMP-00294,2026-05-13T02:52,CUST-5366,Social Media,North,Lucknow Hazratganj,Loan,Hindi,Credit score impacted due to incorrect overdue on loan account.,Loan/Credit
CMP-00295,2026-05-13T03:37,CUST-6878,Social Media,North,Bengaluru MG Road,Loan,Marathi,Loan EMI auto-debit failed despite sufficient balance.,Loan/Credit
CMP-00296,2026-05-13T04:22,CUST-1621,Email,North,Lucknow Hazratganj,Loan,English,Card blocked without notice and merchant payment failed.,Cards/ATM
CMP-00297,2026-05-13T05:07,CUST-3137,Chat,South,Bengaluru MG Road,Savings,English,Beneficiary not receiving money even after successful status.,UPI/Payments
CMP-00298,2026-05-13T05:52,CUST-2188,Chat,West,Jaipur MI Road,Savings,Hindi,Card blocked without notice and merchant payment failed.,Cards/ATM
CMP-00299,2026-05-13T06:37,CUST-3854,Social Media,Central,Bengaluru MG Road,Current,Marathi,Personal loan closure not updated and extra interest charged.,Loan/Credit
CMP-00300,2026-05-13T07:22,CUST-1029,Social Media,West,Jaipur MI Road,Savings,English,Address update request pending for 11 days.,Account Services
CMP-00301,2026-05-13T08:07,CUST-3304,Chat,North,Lucknow Hazratganj,Credit Card,Hindi,Cheque book request not processed and no tracking available.,Account Services
CMP-00302,2026-05-13T08:52,CUST-4435,Branch,North,Bengaluru MG Road,Credit Card,English,Card blocked without notice and merchant payment failed. This issue has been repeated multiple times and still unresolved.,Cards/ATM
CMP-00303,2026-05-13T09:37,CUST-7783,Call Center,West,Bengaluru MG Road,Loan,Hindi,"Unauthorized transaction detected on my account, please block immediately.",Fraud/Security
CMP-00304,2026-05-13T10:22,CUST-1547,Chat,North,Bengaluru MG Road,Credit Card,English,Transaction pending for more than 43 hours in UPI app.,UPI/Payments
CMP-00305,2026-05-13T11:07,CUST-2525,Chat,Central,Jaipur MI Road,UPI,Marathi,Transaction pending for more than 26 hours in UPI app.,UPI/Payments
CMP-00306,2026-05-13T11:52,CUST-2659,Chat,South,Lucknow Hazratganj,UPI,Marathi,Transaction pending for more than 12 hours in UPI app.,UPI/Payments
CMP-00307,2026-05-13T12:37,CUST-2571,Email,West,Jaipur MI Road,Loan,Hindi,Account statement email not received despite request.,Account Services
CMP-00308,2026-05-13T13:22,CUST-8869,Branch,North,Mumbai Main,Current,English,ATM debited cash but did not dispense money at Mumbai Main.,Cards/ATM
CMP-00309,2026-05-13T14:07,CUST-8715,Call Center,East,Mumbai Main,Internet Banking,Marathi,Received phishing call pretending to be bank officer.,Fraud/Security
CMP-00310,2026-05-13T14:52,CUST-5313,Call Center,West,Bengaluru MG Road,Current,Hindi,Unable to login to internet banking since yesterday.,Internet Banking
CMP-00311,2026-05-13T15:37,CUST-9871,Call Center,Central,Lucknow Hazratganj,Loan,English,Address update request pending for 5 days.,Account Services
CMP-00312,2026-05-13T16:22,CUST-8803,Chat,North,Pune Camp,Internet Banking,English,Net banking page times out while downloading statement.,Internet Banking
CMP-00313,2026-05-13T17:07,CUST-8357,Branch,South,Lucknow Hazratganj,Current,English,Account statement email not received despite request.,Account Services
CMP-00314,2026-05-13T17:52,CUST-3422,Social Media,East,Bengaluru MG Road,Internet Banking,English,Transaction pending for more than 45 hours in UPI app.,UPI/Payments
CMP-00315,2026-05-13T18:37,CUST-9514,Call Center,North,Jaipur MI Road,Loan,Marathi,Transaction pending for more than 27 hours in UPI app.,UPI/Payments
CMP-00316,2026-05-13T19:22,CUST-2641,Email,Central,Mumbai Main,Credit Card,Marathi,Unable to login to internet banking since yesterday.,Internet Banking
CMP-00317,2026-05-13T20:07,CUST-1613,Branch,East,Pune Camp,Current,Marathi,Personal loan closure not updated and extra interest charged.,Loan/Credit
CMP-00318,2026-05-13T20:52,CUST-6431,Branch,North,Pune Camp,Credit Card,Hindi,Account statement email not received despite request.,Account Services
CMP-00319,2026-05-13T21:37,CUST-2609,Branch,South,Bengaluru MG Road,Internet Banking,Hindi,Transaction pending for more than 21 hours in UPI app.,UPI/Payments
CMP-00320,2026-05-13T22:22,CUST-4463,Call Center,West,Jaipur MI Road,Credit Card,English,Personal loan closure not updated and extra interest charged.,Loan/Credit
CMP-00321,2026-05-13T23:07,CUST-9589,Social Media,North,Lucknow Hazratganj,Current,English,Address update request pending for 18 days.,Account Services
CMP-00322,2026-05-13T23:52,CUST-5488,Chat,West,Jaipur MI Road,UPI,Marathi,My UPI payment of Rs 2667 failed but amount got debited.,UPI/Payments
CMP-00323,2026-05-14T00:37,CUST-3909,Call Center,Central,Jaipur MI Road,Credit Card,Hindi,Beneficiary not receiving money even after successful status.,UPI/Payments
CMP-00324,2026-05-14T01:22,CUST-1813,Branch,Central,Lucknow Hazratganj,Current,Marathi,Credit card payment posted twice and statement is incorrect. This issue has been repeated multiple times and still unresolved.,Cards/ATM
CMP-00325,2026-05-14T02:07,CUST-1145,Call Center,South,Lucknow Hazratganj,Loan,English,Card blocked without notice and merchant payment failed. This issue has been repeated multiple times and still unresolved.,Cards/ATM
CMP-00326,2026-05-14T02:52,CUST-6713,Call Center,East,Lucknow Hazratganj,UPI,Hindi,Credit card payment posted twice and statement is incorrect.,Cards/ATM
CMP-00327,2026-05-14T03:37,CUST-7131,Social Media,Central,Jaipur MI Road,Credit Card,Hindi,Suspicious login alert came from unknown location. This issue has been repeated multiple times and still unresolved.,Fraud/Security
CMP-00328,2026-05-14T04:22,CUST-5536,Chat,East,Lucknow Hazratganj,Current,Marathi,"Unauthorized transaction detected on my account, please block immediately.",Fraud/Security
CMP-00329,2026-05-14T05:07,CUST-9148,Chat,East,Pune Camp,UPI,Hindi,ATM debited cash but did not dispense money at Lucknow Hazratganj.,Cards/ATM
CMP-00330,2026-05-14T05:52,CUST-4643,Social Media,West,Bengaluru MG Road,Loan,Hindi,"Unauthorized transaction detected on my account, please block immediately.",Fraud/Security
CMP-00331,2026-05-14T06:37,CUST-5237,Social Media,South,Bengaluru MG Road,Internet Banking,English,Card blocked without notice and merchant payment failed.,Cards/ATM
CMP-00332,2026-05-14T07:22,CUST-5817,Call Center,North,Pune Camp,Savings,Marathi,Credit card payment posted twice and statement is incorrect.,Cards/ATM
CMP-00333,2026-05-14T08:07,CUST-7253,Social Media,East,Pune Camp,Savings,English,Account statement email not received despite request.,Account Services
CMP-00334,2026-05-14T08:52,CUST-3954,Email,West,Bengaluru MG Road,Internet Banking,English,ATM debited cash but did not dispense money at Pune Camp.,Cards/ATM
CMP-00335,2026-05-14T09:37,CUST-3762,Social Media,South,Pune Camp,Savings,English,Credit score impacted due to incorrect overdue on loan account.,Loan/Credit
CMP-00336,2026-05-14T10:22,CUST-7280,Email,North,Jaipur MI Road,Current,Marathi,Cheque book request not processed and no tracking available.,Account Services
CMP-00337,2026-05-14T11:07,CUST-5076,Branch,East,Bengaluru MG Road,Current,English,Loan EMI auto-debit failed despite sufficient balance.,Loan/Credit
CMP-00338,2026-05-14T11:52,CUST-5885,Chat,West,Jaipur MI Road,Loan,Marathi,Net banking page times out while downloading statement.,Internet Banking
CMP-00339,2026-05-14T12:37,CUST-4087,Branch,West,Mumbai Main,Current,English,Personal loan closure not updated and extra interest charged.,Loan/Credit
CMP-00340,2026-05-14T13:22,CUST-3017,Chat,North,Pune Camp,Internet Banking,Hindi,"Unauthorized transaction detected on my account, please block immediately.",Fraud/Security
CMP-00341,2026-05-14T14:07,CUST-1323,Email,North,Pune Camp,UPI,Hindi,Account statement email not received despite request.,Account Services
CMP-00342,2026-05-14T14:52,CUST-1152,Chat,West,Mumbai Main,Internet Banking,Marathi,Beneficiary not receiving money even after successful status.,UPI/Payments
CMP-00343,2026-05-14T15:37,CUST-2718,Social Media,Central,Mumbai Main,Credit Card,English,Credit score impacted due to incorrect overdue on loan account.,Loan/Credit
CMP-00344,2026-05-14T16:22,CUST-4304,Chat,West,Bengaluru MG Road,Current,English,Transaction pending for more than 40 hours in UPI app.,UPI/Payments
CMP-00345,2026-05-14T17:07,CUST-1208,Email,North,Jaipur MI Road,Internet Banking,Hindi,Cheque book request not processed and no tracking available.,Account Services
CMP-00346,2026-05-14T17:52,CUST-8483,Chat,East,Pune Camp,Savings,English,ATM debited cash but did not dispense money at Bengaluru MG Road.,Cards/ATM
CMP-00347,2026-05-14T18:37,CUST-2556,Email,North,Lucknow Hazratganj,Internet Banking,Marathi,ATM debited cash but did not dispense money at Pune Camp.,Cards/ATM
CMP-00348,2026-05-14T19:22,CUST-2522,Chat,East,Lucknow Hazratganj,Savings,Hindi,Credit card payment posted twice and statement is incorrect.,Cards/ATM
CMP-00349,2026-05-14T20:07,CUST-3732,Email,South,Mumbai Main,Current,English,Password reset link keeps failing with server error.,Internet Banking
CMP-00350,2026-05-14T20:52,CUST-6875,Social Media,North,Lucknow Hazratganj,UPI,Hindi,Net banking page times out while downloading statement.,Internet Banking
